acc, name, organism, disprot_id, 
P37840, Alpha-synuclein, Homo sapiens, DP00070, 
Q16143, Beta-synuclein, Homo sapiens, DP00555, 
P15309, Prostatic acid phosphatase, Homo sapiens, DP00628, 
O76070, Gamma-synuclein, Homo sapiens, DP00630, 
Q7LKB1, Prion protein, Saccharomyces cerevisiae, DP01051, 
P10636-8, Isoform Tau-F of Microtubule-associated protein tau, Homo sapiens, DP01100, 
P35637, RNA-binding protein FUS, Homo sapiens, DP01102, 
Q13148, TAR DNA-binding protein 43, Homo sapiens, DP01108, 
P05067, Amyloid-beta precursor protein, Homo sapiens, DP01280, 
P36118, Pre-mRNA-splicing factor NTR2, Saccharomyces cerevisiae (strain ATCC 204508 / S288c), DP01471, 
P10997, Islet amyloid polypeptide, Homo sapiens, DP03417, 
P35260, Matrix protein VP40, Lake Victoria marburgvirus (strain Musoke-80), DP03546, 
P05453, Eukaryotic peptide chain release factor GTP-binding subunit, Saccharomyces cerevisiae (strain ATCC 204508 / S288c), DP03548, 
P10636-2, Isoform Fetal-tau of Microtubule-associated protein tau, Homo sapiens, DP03552, 
